id;numero_contrat;libelle_contrat;date_debut;date_fin;niveau_etude;type_contrat
1;Personal Loan Account hacking panel;Wooden Table Senior;2021-03-15T11:31:42;2021-03-15T11:30:57;PRIMAIRE;CDI
2;bypassing Administrator;aggregate;2021-03-14T18:05:59;2021-03-14T21:51:48;UNIVERSITAIRE;PRESTATAIRE
3;incubate;Plastic;2021-03-15T10:38:38;2021-03-14T19:18:11;AUCUN;PRESTATAIRE
4;Forward online;Common encoding Personal Loan Account;2021-03-14T23:04:28;2021-03-14T19:16:12;SECONDAIRE;CDD
5;indexing European Unit of Account 17(E.U.A.-17);deposit architect;2021-03-14T21:09:17;2021-03-15T11:48:05;PRIMAIRE;PRESTATAIRE
6;solid state Bike Supervisor;Cotton Orchestrator;2021-03-14T20:41:43;2021-03-15T10:12:08;AUCUN;CDI
7;Belarussian Ruble extranet invoice;Equatorial Guinea;2021-03-14T23:46:42;2021-03-14T20:05:12;AUCUN;CDI
8;COM fuchsia;paradigms CSS Oklahoma;2021-03-15T13:44:09;2021-03-15T03:03:40;PRIMAIRE;CDD
9;whiteboard;frictionless;2021-03-14T15:53:08;2021-03-14T20:15:11;UNIVERSITAIRE;CDD
10;Sleek Metal Sausages vortals Singapore Dollar;framework;2021-03-15T06:00:19;2021-03-14T22:17:55;SECONDAIRE;PRESTATAIRE
