id;matricule;prenoms;nom;intitule_employe;date_naissance;lieu_naissance;numero_telephone;adresse;photo;photo_content_type;email;date_embauchement;date_retraite;age;numero_cni;numero_ipres;numero_css;groupe_sanguin;situation_matrimonial;sexe;disponibilite
1;West Virginia Cotton;Bangladesh;indexing;programming;2021-03-15T07:22:30;2021-03-14T19:27:47;Money Market Account withdrawal deposit;relationships;../fake-data/blob/hipster.png;image/png;Kallie.Runolfsdottir31@gmail.com;2021-03-15T02:19:55;2021-03-15T11:40:55;111;zero tolerance XML;Ford solid state bluetooth;hub Table Mississippi;AM;VEUF;MASCULIN;CONGES
2;Regional open system;Bedfordshire Cambridgeshire;Money Market Account Euro;Pizza open-source Interactions;2021-03-15T07:57:11;2021-03-15T00:24:35;plug-and-play;Handcrafted;../fake-data/blob/hipster.png;image/png;Ashleigh.Swaniawski@gmail.com;2021-03-15T13:46:24;2021-03-15T00:05:27;41285;navigate Tasty Fresh Bike;e-tailers;quantify Extended;BP;CELIBATAIRE;FEMININ;RETRAITE
3;Awesome Plastic Table;SSL Palestinian Territory deposit;deposit Upgradable compressing;Computer;2021-03-14T22:09:39;2021-03-15T02:47:18;program;directional Moroccan Dirham uniform;../fake-data/blob/hipster.png;image/png;Rory2@gmail.com;2021-03-14T17:06:13;2021-03-15T11:41:48;67247;Wooden Horizontal hard drive;Ergonomic Fresh Salad Awesome;compress;BP;DIVORCE;MASCULIN;ENCOURS
4;Avon;Auto Loan Account Avon payment;Ergonomic;Inverse;2021-03-14T15:57:23;2021-03-15T11:48:59;Cambridgeshire Plastic;neutral navigate;../fake-data/blob/hipster.png;image/png;Justyn.Johns@hotmail.com;2021-03-15T03:26:16;2021-03-14T23:30:28;58891;Product Serbian Dinar;auxiliary;engage SSL Auto Loan Account;OP;MARIE;FEMININ;CONGES
5;real-time;red;Accounts Digitized projection;cross-platform;2021-03-14T17:03:29;2021-03-14T23:21:18;Hong Kong tangible sensor;Facilitator extensible Checking Account;../fake-data/blob/hipster.png;image/png;Aidan.Ernser73@gmail.com;2021-03-14T21:27:25;2021-03-14T20:38:05;38498;deposit sensor;Hong Kong Dollar Checking Account;methodologies payment;BM;CELIBATAIRE;MASCULIN;CONGES
6;bypassing override eyeballs;back up Singapore Dollar;Buckinghamshire;Cambridgeshire Ethiopian Birr tan;2021-03-15T01:15:34;2021-03-15T11:38:16;system Generic Cotton Chips;Director Ball Technician;../fake-data/blob/hipster.png;image/png;Julio_Langosh@hotmail.com;2021-03-15T08:03:54;2021-03-14T21:40:12;29872;Cotton Glen Facilitator;Direct Infrastructure;Cotton Sierra Leone Analyst;BM;VEUF;FEMININ;ARRETE
7;Plastic Unbranded Rubber Chair;Rustic maroon recontextualize;Direct;compressing Viaduct invoice;2021-03-14T20:51:54;2021-03-15T06:20:36;secured line e-business deposit;withdrawal Cambridgeshire Executive;../fake-data/blob/hipster.png;image/png;Gilberto_Walsh15@hotmail.com;2021-03-14T16:52:01;2021-03-14T16:48:18;16059;Plastic;Rustic New Taiwan Dollar;copy granular;AP;DIVORCE;FEMININ;CONGES
8;Peso Uruguayo Uruguay Peso en Unidades Indexadas;Directives;value-added New Leu;connecting Berkshire;2021-03-14T21:00:45;2021-03-14T22:07:08;mint green Realigned;Indian Rupee plug-and-play Human;../fake-data/blob/hipster.png;image/png;Marielle.Balistreri@hotmail.com;2021-03-14T18:48:36;2021-03-15T04:34:25;79213;neutral;Egyptian Pound mint green;calculating Home Loan Account Florida;AM;VEUF;FEMININ;ARRETE
9;online;Designer Object-based Soap;Tasty Granite Fish knowledge user;e-business Personal Loan Account Organic;2021-03-15T03:48:49;2021-03-14T15:48:37;neural Shoes;payment stable Checking Account;../fake-data/blob/hipster.png;image/png;Charley.Hartmann@gmail.com;2021-03-14T18:29:42;2021-03-14T23:39:11;38392;North Dakota Program;bandwidth Liaison;Brand innovate;ABP;VEUF;MASCULIN;CONGES
10;Texas integrated;Avon;installation online;Berkshire;2021-03-15T01:38:57;2021-03-14T21:07:16;Texas;Ukraine New Hampshire;../fake-data/blob/hipster.png;image/png;Charles54@gmail.com;2021-03-15T11:15:09;2021-03-15T06:52:59;79204;Investment Account XML;Enhanced Hong Kong Dollar;e-services Cotton brand;BM;VEUF;MASCULIN;CONGES
